Title,Company,Location,Link
"Software Engineer, Fullstack, Early Career",Notion,"New York, NY",https://www.linkedin.com/jobs/view/software-engineer-fullstack-early-career-at-notion-4334367155?position=1&pageNum=0&refId=2Z%2BirseYexpYQr%2F3rC5K5A%3D%3D&trackingId=ScCs%2BZ2GcHdzgSvwNdIC9g%3D%3D
Software Engineer 1,Intuit,"New York, NY",https://www.linkedin.com/jobs/view/software-engineer-1-at-intuit-4333562794?position=2&pageNum=0&refId=2Z%2BirseYexpYQr%2F3rC5K5A%3D%3D&trackingId=ICHpA1A2yVsYMeyaK4IFlw%3D%3D
Software Engineer (All Levels),Blossom,"New York, NY",https://www.linkedin.com/jobs/view/software-engineer-all-levels-at-blossom-4366266685?position=3&pageNum=0&refId=2Z%2BirseYexpYQr%2F3rC5K5A%3D%3D&trackingId=Mk5ArSgoPYYNpj%2BvPSFeMA%3D%3D
Software Engineer,Middesk,"New York, United States",https://www.linkedin.com/jobs/view/software-engineer-at-middesk-4205003719?position=4&pageNum=0&refId=2Z%2BirseYexpYQr%2F3rC5K5A%3D%3D&trackingId=nJHF%2BAqWjxXfXUYPvRNWCA%3D%3D
"Want to work with us, but don't see the right job listed?",Canary Technologies,"New York, NY",https://www.linkedin.com/jobs/view/want-to-work-with-us-but-don-t-see-the-right-job-listed%3F-at-canary-technologies-4173403615?position=5&pageNum=0&refId=2Z%2BirseYexpYQr%2F3rC5K5A%3D%3D&trackingId=FpuQx0rJ%2Bd%2BiqNHcMdlBig%3D%3D
Software Engineering Full-Time Campus Hire - NYC,Two Sigma,"New York, United States",https://www.linkedin.com/jobs/view/software-engineering-full-time-campus-hire-nyc-at-two-sigma-4340871731?position=6&pageNum=0&refId=2Z%2BirseYexpYQr%2F3rC5K5A%3D%3D&trackingId=pM3UFs7XoNPGNd%2BL8AIsMg%3D%3D
Software Engineer,Plaid,"New York, NY",https://www.linkedin.com/jobs/view/software-engineer-at-plaid-4243684882?position=7&pageNum=0&refId=2Z%2BirseYexpYQr%2F3rC5K5A%3D%3D&trackingId=etdyXRsQhmNw6smwC13rcA%3D%3D
Software Engineering Internship - NYC,Two Sigma,"New York, United States",https://www.linkedin.com/jobs/view/software-engineering-internship-nyc-at-two-sigma-4340622203?position=8&pageNum=0&refId=2Z%2BirseYexpYQr%2F3rC5K5A%3D%3D&trackingId=hjBCl9%2BLsnxSSDBjLwOArQ%3D%3D
Software Engineer - Internship,SeatGeek,"New York, NY",https://www.linkedin.com/jobs/view/software-engineer-internship-at-seatgeek-4307571879?position=9&pageNum=0&refId=2Z%2BirseYexpYQr%2F3rC5K5A%3D%3D&trackingId=2Pqb4VIRNiAkPET%2BxX3YgQ%3D%3D
"Python Developer, Entry Level",Emonics LLC,"New York, United States",https://www.linkedin.com/jobs/view/python-developer-entry-level-at-emonics-llc-4365989736?position=10&pageNum=0&refId=2Z%2BirseYexpYQr%2F3rC5K5A%3D%3D&trackingId=k6D4zOFsFPo%2B5iv6f3%2B2eg%3D%3D
Software Developer,Point72,"New York, United States",https://www.linkedin.com/jobs/view/software-developer-at-point72-4145965925?position=11&pageNum=0&refId=2Z%2BirseYexpYQr%2F3rC5K5A%3D%3D&trackingId=LxneNbkfQsV6gNBchsrUHQ%3D%3D
Software Engineer - Platform,Plaid,"New York, NY",https://www.linkedin.com/jobs/view/software-engineer-platform-at-plaid-4289332289?position=12&pageNum=0&refId=2Z%2BirseYexpYQr%2F3rC5K5A%3D%3D&trackingId=XJ7ZELx922eGvPWDLzfxTQ%3D%3D
"Software Engineer, Front End",Point72,"New York, United States",https://www.linkedin.com/jobs/view/software-engineer-front-end-at-point72-4245747677?position=13&pageNum=0&refId=2Z%2BirseYexpYQr%2F3rC5K5A%3D%3D&trackingId=zbdmh3xa3igj0L3GE7s2JA%3D%3D
Software Engineer,Hype,"New York, NY",https://www.linkedin.com/jobs/view/software-engineer-at-hype-4169330051?position=14&pageNum=0&refId=2Z%2BirseYexpYQr%2F3rC5K5A%3D%3D&trackingId=TmkWMGCjzP2BqPOgCwxudg%3D%3D
"Software Engineer, Intern (Summer and Winter)",Stripe,"New York, United States",https://www.linkedin.com/jobs/view/software-engineer-intern-summer-and-winter-at-stripe-4294694292?position=15&pageNum=0&refId=2Z%2BirseYexpYQr%2F3rC5K5A%3D%3D&trackingId=EcBEUiEkCh7rX8QTrkqXYg%3D%3D
Software Engineer,Apple,"New York, NY",https://www.linkedin.com/jobs/view/software-engineer-at-apple-4359225449?position=16&pageNum=0&refId=2Z%2BirseYexpYQr%2F3rC5K5A%3D%3D&trackingId=RL%2Bup8YNjWnT33gkUzGJxQ%3D%3D
"Software Engineer, Mail",Notion,"New York, NY",https://www.linkedin.com/jobs/view/software-engineer-mail-at-notion-4365588470?position=17&pageNum=0&refId=2Z%2BirseYexpYQr%2F3rC5K5A%3D%3D&trackingId=bPeSuYGLMi9ti4By5mK9dA%3D%3D
"Software Engineer, Fullstack",CLEAR,"New York, NY",https://www.linkedin.com/jobs/view/software-engineer-fullstack-at-clear-4358734095?position=18&pageNum=0&refId=2Z%2BirseYexpYQr%2F3rC5K5A%3D%3D&trackingId=MtEKqK3etGhf9c23LOchmA%3D%3D
Software Engineer (Applications),Replica,"New York, NY",https://www.linkedin.com/jobs/view/software-engineer-applications-at-replica-4311774367?position=19&pageNum=0&refId=2Z%2BirseYexpYQr%2F3rC5K5A%3D%3D&trackingId=H9hw8GTH3vlbsiwDso%2BvSA%3D%3D
Software Engineer,hackajob,"New York, NY",https://www.linkedin.com/jobs/view/software-engineer-at-hackajob-4351878444?position=20&pageNum=0&refId=2Z%2BirseYexpYQr%2F3rC5K5A%3D%3D&trackingId=fMLuz9mv8IEE5LoWjjMnaw%3D%3D
Software Engineer (New Grad),Candid Health,"New York, NY",https://www.linkedin.com/jobs/view/software-engineer-new-grad-at-candid-health-4339379080?position=21&pageNum=0&refId=2Z%2BirseYexpYQr%2F3rC5K5A%3D%3D&trackingId=%2BHpEC7pPvIiiKg2Q5z3AwA%3D%3D
Software Engineer - All Levels,GlossGenius,"New York, NY",https://www.linkedin.com/jobs/view/software-engineer-all-levels-at-glossgenius-4286961888?position=22&pageNum=0&refId=2Z%2BirseYexpYQr%2F3rC5K5A%3D%3D&trackingId=ncjyTTYtd6R%2FjvauIE8HrQ%3D%3D
"Backend Software Engineer, CloudKitchens - New York City",CloudKitchens,"New York, NY",https://www.linkedin.com/jobs/view/backend-software-engineer-cloudkitchens-new-york-city-at-cloudkitchens-4164164423?position=23&pageNum=0&refId=2Z%2BirseYexpYQr%2F3rC5K5A%3D%3D&trackingId=ekAwuflDYOvA8%2F%2F0qGjV5A%3D%3D
"Software Engineer, New York",Talos,"New York, NY",https://www.linkedin.com/jobs/view/software-engineer-new-york-at-talos-4318505638?position=24&pageNum=0&refId=2Z%2BirseYexpYQr%2F3rC5K5A%3D%3D&trackingId=eGaRtUweD3ah0sMELyYAbA%3D%3D
New Grad Software Engineer,PointOne,"New York, NY",https://www.linkedin.com/jobs/view/new-grad-software-engineer-at-pointone-4363410699?position=25&pageNum=0&refId=2Z%2BirseYexpYQr%2F3rC5K5A%3D%3D&trackingId=l7Pr%2BSQXnbk4it%2FVOwLDxQ%3D%3D
Software Engineer (All Levels),Abridge,"New York, NY",https://www.linkedin.com/jobs/view/software-engineer-all-levels-at-abridge-4339399245?position=26&pageNum=0&refId=2Z%2BirseYexpYQr%2F3rC5K5A%3D%3D&trackingId=9idkOMdYZzezrmDmNozu6w%3D%3D
Software Engineer - Backend / Fullstack,Vellum,"New York, NY",https://www.linkedin.com/jobs/view/software-engineer-backend-fullstack-at-vellum-4255951296?position=27&pageNum=0&refId=2Z%2BirseYexpYQr%2F3rC5K5A%3D%3D&trackingId=U64VRhSfWJKL180niTQlJg%3D%3D
Software Engineer - Frontend / Fullstack,Vellum,"New York, NY",https://www.linkedin.com/jobs/view/software-engineer-frontend-fullstack-at-vellum-4255948498?position=28&pageNum=0&refId=2Z%2BirseYexpYQr%2F3rC5K5A%3D%3D&trackingId=NSeBWO7TG0rq%2B%2FwtcK5UFA%3D%3D
Front End Engineer,Resonance,"New York County, NY",https://www.linkedin.com/jobs/view/front-end-engineer-at-resonance-4356656165?position=29&pageNum=0&refId=2Z%2BirseYexpYQr%2F3rC5K5A%3D%3D&trackingId=w85s%2BAUT58Y5LM%2BCj5EKDQ%3D%3D
"Software Engineer, Backend",Squarespace,"New York, NY",https://www.linkedin.com/jobs/view/software-engineer-backend-at-squarespace-4344446620?position=30&pageNum=0&refId=2Z%2BirseYexpYQr%2F3rC5K5A%3D%3D&trackingId=bi%2FS%2FmGDeVp9o0jQya%2B%2BAQ%3D%3D
"Software Engineer, Member (Web)",SoFi,"New York, United States",https://www.linkedin.com/jobs/view/software-engineer-member-web-at-sofi-4366669777?position=31&pageNum=0&refId=2Z%2BirseYexpYQr%2F3rC5K5A%3D%3D&trackingId=W60kACVqkfyYc2KTBzWu%2Bw%3D%3D
"Software Engineer, Frontend - Acuity",Squarespace,"New York, NY",https://www.linkedin.com/jobs/view/software-engineer-frontend-acuity-at-squarespace-4321782360?position=32&pageNum=0&refId=2Z%2BirseYexpYQr%2F3rC5K5A%3D%3D&trackingId=bedev8%2Bavc9NQacBhzBv0A%3D%3D
"Software Engineer, Early Career",Affirm,"New York, NY",https://www.linkedin.com/jobs/view/software-engineer-early-career-at-affirm-4325051149?position=33&pageNum=0&refId=2Z%2BirseYexpYQr%2F3rC5K5A%3D%3D&trackingId=UsPOLvY92vaw2qrQpprLUw%3D%3D
Software Engineer,Neon,"New York, NY",https://www.linkedin.com/jobs/view/software-engineer-at-neon-4343752769?position=34&pageNum=0&refId=2Z%2BirseYexpYQr%2F3rC5K5A%3D%3D&trackingId=z6jHT%2FkTXxxpoAibD7fGBQ%3D%3D
"Software Engineer, Frontend (All Teams)",DoorDash,"New York, NY",https://www.linkedin.com/jobs/view/software-engineer-frontend-all-teams-at-doordash-4191612607?position=35&pageNum=0&refId=2Z%2BirseYexpYQr%2F3rC5K5A%3D%3D&trackingId=YLCV4XhhuAs2c5djKMLZqg%3D%3D
"Software Engineer I, Entry-Level (Graduation Date: Fall 2025-Summer 2026)",DoorDash,"New York, NY",https://www.linkedin.com/jobs/view/software-engineer-i-entry-level-graduation-date-fall-2025-summer-2026-at-doordash-4309202141?position=36&pageNum=0&refId=2Z%2BirseYexpYQr%2F3rC5K5A%3D%3D&trackingId=5dSX4lyqJpkwExmcoT03RA%3D%3D
Full Stack Engineer,Roboflow,"New York, NY",https://www.linkedin.com/jobs/view/full-stack-engineer-at-roboflow-3816733441?position=37&pageNum=0&refId=2Z%2BirseYexpYQr%2F3rC5K5A%3D%3D&trackingId=lzpugjAknFbnzJje07yBZg%3D%3D
"Software Engineering Internships (Summer 2026, In Person- NYC)",Paramount,"New York, NY",https://www.linkedin.com/jobs/view/software-engineering-internships-summer-2026-in-person-nyc-at-paramount-4346151475?position=38&pageNum=0&refId=2Z%2BirseYexpYQr%2F3rC5K5A%3D%3D&trackingId=ZTuQLpqyYSCCGe1L20Ka8w%3D%3D
"Software Engineer, New Grad",Maybern,"New York, NY",https://www.linkedin.com/jobs/view/software-engineer-new-grad-at-maybern-4336551717?position=39&pageNum=0&refId=2Z%2BirseYexpYQr%2F3rC5K5A%3D%3D&trackingId=EcZ14PFNAPAJgV32g8n5Lw%3D%3D
Software Engineer,Flip,"Brooklyn, NY",https://www.linkedin.com/jobs/view/software-engineer-at-flip-4328940373?position=40&pageNum=0&refId=2Z%2BirseYexpYQr%2F3rC5K5A%3D%3D&trackingId=sl4N5TCCpYqGkiRtwWJYwA%3D%3D
"Software Engineer, Front-End",Talos,"New York, NY",https://www.linkedin.com/jobs/view/software-engineer-front-end-at-talos-4342253325?position=41&pageNum=0&refId=2Z%2BirseYexpYQr%2F3rC5K5A%3D%3D&trackingId=51IiX8krhUyU4GjWOBIvxA%3D%3D
"Software Engineer, Machine Learning",Meta,"New York, NY",https://www.linkedin.com/jobs/view/software-engineer-machine-learning-at-meta-4254370678?position=42&pageNum=0&refId=2Z%2BirseYexpYQr%2F3rC5K5A%3D%3D&trackingId=2y%2F%2FkVRoOmmGuYgg%2Fj2yUA%3D%3D
Software Engineer,Ripple,"New York, NY",https://www.linkedin.com/jobs/view/software-engineer-at-ripple-4311837319?position=43&pageNum=0&refId=2Z%2BirseYexpYQr%2F3rC5K5A%3D%3D&trackingId=ihFoWzChSbrlNXZQm3viPw%3D%3D
"Software Engineer, Frontend",Wealthfront,"New York, NY",https://www.linkedin.com/jobs/view/software-engineer-frontend-at-wealthfront-4321886768?position=44&pageNum=0&refId=2Z%2BirseYexpYQr%2F3rC5K5A%3D%3D&trackingId=BlYFeC8rZOdKoDq7hzMQbA%3D%3D
"Software Engineer, Agents",Decagon,"New York, NY",https://www.linkedin.com/jobs/view/software-engineer-agents-at-decagon-4238782007?position=45&pageNum=0&refId=2Z%2BirseYexpYQr%2F3rC5K5A%3D%3D&trackingId=LpzNnZzFn2dLhfHMIcLGfA%3D%3D
Software Engineer - Frontend,Nextdoor,"New York, NY",https://www.linkedin.com/jobs/view/software-engineer-frontend-at-nextdoor-4343371639?position=46&pageNum=0&refId=2Z%2BirseYexpYQr%2F3rC5K5A%3D%3D&trackingId=V2qmATEqi5kvqL4L2YLK7w%3D%3D
"Software Engineer, Full-Stack (Full Time and Intern)",Fitnescity Health,"New York, NY",https://www.linkedin.com/jobs/view/software-engineer-full-stack-full-time-and-intern-at-fitnescity-health-4343777928?position=47&pageNum=0&refId=2Z%2BirseYexpYQr%2F3rC5K5A%3D%3D&trackingId=ygf6c6%2FRowPod7seVJExLw%3D%3D
Software Engineer (Platform),Replica,"New York, NY",https://www.linkedin.com/jobs/view/software-engineer-platform-at-replica-4311253779?position=48&pageNum=0&refId=2Z%2BirseYexpYQr%2F3rC5K5A%3D%3D&trackingId=Ll6yJnccsijK7T4badSWyw%3D%3D
University Grad | Software Engineer | Frontend,Ramp,"New York, NY",https://www.linkedin.com/jobs/view/university-grad-software-engineer-frontend-at-ramp-4290878512?position=49&pageNum=0&refId=2Z%2BirseYexpYQr%2F3rC5K5A%3D%3D&trackingId=pWQvSDzgqgpXc8fbb3qn%2FQ%3D%3D
"Software Engineer, Ad Serving",Roku,"New York, NY",https://www.linkedin.com/jobs/view/software-engineer-ad-serving-at-roku-4366791511?position=50&pageNum=0&refId=2Z%2BirseYexpYQr%2F3rC5K5A%3D%3D&trackingId=B0151NktN%2FZYS%2BXflqY1Ig%3D%3D
Software Engineer,Nomura,"New York, United States",https://www.linkedin.com/jobs/view/software-engineer-at-nomura-4366929181?position=51&pageNum=0&refId=2Z%2BirseYexpYQr%2F3rC5K5A%3D%3D&trackingId=WsH1QgXbr12CofpIEnGKUA%3D%3D
Software Engineer,FanDuel,"New York, NY",https://www.linkedin.com/jobs/view/software-engineer-at-fanduel-4344468725?position=52&pageNum=0&refId=2Z%2BirseYexpYQr%2F3rC5K5A%3D%3D&trackingId=9OiI2IfQ%2FANtGsnJgYSzKQ%3D%3D
"Software Engineer, Product",Meta,"New York, NY",https://www.linkedin.com/jobs/view/software-engineer-product-at-meta-4255810888?position=53&pageNum=0&refId=2Z%2BirseYexpYQr%2F3rC5K5A%3D%3D&trackingId=1WVx9Hnwg1aESmJFniGrhA%3D%3D
"UI Engineer L4, Ads Engineering",Netflix,"New York, NY",https://www.linkedin.com/jobs/view/ui-engineer-l4-ads-engineering-at-netflix-4309908618?position=54&pageNum=0&refId=2Z%2BirseYexpYQr%2F3rC5K5A%3D%3D&trackingId=2%2B5eKT5JN7ygqtrtvEWV8g%3D%3D
Software Engineer (Backend),Artisan,"New York, NY",https://www.linkedin.com/jobs/view/software-engineer-backend-at-artisan-4330515780?position=55&pageNum=0&refId=2Z%2BirseYexpYQr%2F3rC5K5A%3D%3D&trackingId=tq%2BQajyGz2Lb9SKUanbHbw%3D%3D
Software Engineer - Full Stack,Attention,"New York, NY",https://www.linkedin.com/jobs/view/software-engineer-full-stack-at-attention-4365539396?position=56&pageNum=0&refId=2Z%2BirseYexpYQr%2F3rC5K5A%3D%3D&trackingId=moj0rqWuy1tfVARf%2BNtrRA%3D%3D
"Software Engineer, Datastore",Notion,"New York, NY",https://www.linkedin.com/jobs/view/software-engineer-datastore-at-notion-4334228091?position=57&pageNum=0&refId=2Z%2BirseYexpYQr%2F3rC5K5A%3D%3D&trackingId=JIchO4aqHWYzoyUIVxJiyQ%3D%3D
Software Engineer,January,"New York, NY",https://www.linkedin.com/jobs/view/software-engineer-at-january-4341558094?position=58&pageNum=0&refId=2Z%2BirseYexpYQr%2F3rC5K5A%3D%3D&trackingId=OtYkC2a75LYN4%2F%2FzNbY9VA%3D%3D
"ML Software Engineer, Integrity",Lyft,"New York, NY",https://www.linkedin.com/jobs/view/ml-software-engineer-integrity-at-lyft-4362474597?position=59&pageNum=0&refId=2Z%2BirseYexpYQr%2F3rC5K5A%3D%3D&trackingId=ixD38JmoFPhAC2R%2Fs8ZIuA%3D%3D
Software Engineer,FanDuel,"New York, NY",https://www.linkedin.com/jobs/view/software-engineer-at-fanduel-4367490035?position=60&pageNum=0&refId=2Z%2BirseYexpYQr%2F3rC5K5A%3D%3D&trackingId=rkUMSEIX70kfVnkhn3QOFQ%3D%3D
Software Engineer (All Levels),Abridge,"New York, NY",https://www.linkedin.com/jobs/view/software-engineer-all-levels-at-abridge-4339399245?position=1&pageNum=2&refId=MzosTX35KLseqw7a3EZiug%3D%3D&trackingId=CftNMoxsFuC1FjRSQEcSOA%3D%3D
Software Engineer - Backend / Fullstack,Vellum,"New York, NY",https://www.linkedin.com/jobs/view/software-engineer-backend-fullstack-at-vellum-4255951296?position=2&pageNum=2&refId=MzosTX35KLseqw7a3EZiug%3D%3D&trackingId=ntBhPkliX%2BzVM491b8viAA%3D%3D
Software Engineer - Frontend / Fullstack,Vellum,"New York, NY",https://www.linkedin.com/jobs/view/software-engineer-frontend-fullstack-at-vellum-4255948498?position=3&pageNum=2&refId=MzosTX35KLseqw7a3EZiug%3D%3D&trackingId=d4JpKJ0CwIgyWrPvNW9gNQ%3D%3D
Front End Engineer,Resonance,"New York County, NY",https://www.linkedin.com/jobs/view/front-end-engineer-at-resonance-4356656165?position=4&pageNum=2&refId=MzosTX35KLseqw7a3EZiug%3D%3D&trackingId=ucRtawY06X9Hyo%2F9wTN0cw%3D%3D
"Software Engineer, Backend",Squarespace,"New York, NY",https://www.linkedin.com/jobs/view/software-engineer-backend-at-squarespace-4344446620?position=5&pageNum=2&refId=MzosTX35KLseqw7a3EZiug%3D%3D&trackingId=x5JHYZslxp5FrsuOJUiIVQ%3D%3D
"Software Engineer, Member (Web)",SoFi,"New York, United States",https://www.linkedin.com/jobs/view/software-engineer-member-web-at-sofi-4366669777?position=6&pageNum=2&refId=MzosTX35KLseqw7a3EZiug%3D%3D&trackingId=1HGNfBNNxRzfx%2By6Hr7OyA%3D%3D
"Software Engineer, Frontend - Acuity",Squarespace,"New York, NY",https://www.linkedin.com/jobs/view/software-engineer-frontend-acuity-at-squarespace-4321782360?position=7&pageNum=2&refId=MzosTX35KLseqw7a3EZiug%3D%3D&trackingId=v0cgqlS9PRxG6J%2BRVF0%2BSA%3D%3D
"Software Engineer, Early Career",Affirm,"New York, NY",https://www.linkedin.com/jobs/view/software-engineer-early-career-at-affirm-4325051149?position=8&pageNum=2&refId=MzosTX35KLseqw7a3EZiug%3D%3D&trackingId=A56e2uK8elJ0Jt31GtxGcA%3D%3D
Software Engineer,Neon,"New York, NY",https://www.linkedin.com/jobs/view/software-engineer-at-neon-4343752769?position=9&pageNum=2&refId=MzosTX35KLseqw7a3EZiug%3D%3D&trackingId=379Jf1OCDNGQ8L5%2BVaDcWA%3D%3D
"Software Engineer, Frontend (All Teams)",DoorDash,"New York, NY",https://www.linkedin.com/jobs/view/software-engineer-frontend-all-teams-at-doordash-4191612607?position=10&pageNum=2&refId=MzosTX35KLseqw7a3EZiug%3D%3D&trackingId=CBX6Nxa9XYvR7mppGHKv%2Fw%3D%3D
Software Engineer,Nomura,"New York, United States",https://www.linkedin.com/jobs/view/software-engineer-at-nomura-4366929181?position=1&pageNum=5&refId=PTN8CA7KTgVSaIE3MSgEYw%3D%3D&trackingId=GvikNXt0AjwSVWQoKH2jcQ%3D%3D
Software Engineer,FanDuel,"New York, NY",https://www.linkedin.com/jobs/view/software-engineer-at-fanduel-4344468725?position=2&pageNum=5&refId=PTN8CA7KTgVSaIE3MSgEYw%3D%3D&trackingId=xHDAoN2Nf0KIce4W%2Fjq1%2Bw%3D%3D
"Software Engineer, Product",Meta,"New York, NY",https://www.linkedin.com/jobs/view/software-engineer-product-at-meta-4255810888?position=3&pageNum=5&refId=PTN8CA7KTgVSaIE3MSgEYw%3D%3D&trackingId=%2FgCkwJ05E0VPyAk%2F9RWPQA%3D%3D
"UI Engineer L4, Ads Engineering",Netflix,"New York, NY",https://www.linkedin.com/jobs/view/ui-engineer-l4-ads-engineering-at-netflix-4309908618?position=4&pageNum=5&refId=PTN8CA7KTgVSaIE3MSgEYw%3D%3D&trackingId=N9k6WdWq%2BducaRbjrwQOYQ%3D%3D
Software Engineer (Backend),Artisan,"New York, NY",https://www.linkedin.com/jobs/view/software-engineer-backend-at-artisan-4330515780?position=5&pageNum=5&refId=PTN8CA7KTgVSaIE3MSgEYw%3D%3D&trackingId=jQQT%2F961YKZ9QZIPZ8%2F08w%3D%3D
Software Engineer - Full Stack,Attention,"New York, NY",https://www.linkedin.com/jobs/view/software-engineer-full-stack-at-attention-4365539396?position=6&pageNum=5&refId=PTN8CA7KTgVSaIE3MSgEYw%3D%3D&trackingId=nxezhum9dDwO%2FIsbHJ4VVA%3D%3D
"Software Engineer, Datastore",Notion,"New York, NY",https://www.linkedin.com/jobs/view/software-engineer-datastore-at-notion-4334228091?position=7&pageNum=5&refId=PTN8CA7KTgVSaIE3MSgEYw%3D%3D&trackingId=rBfNprMxO0OtEgrWfR2IXg%3D%3D
Software Engineer,January,"New York, NY",https://www.linkedin.com/jobs/view/software-engineer-at-january-4341558094?position=8&pageNum=5&refId=PTN8CA7KTgVSaIE3MSgEYw%3D%3D&trackingId=1W8D6lEBdIzCQxc3QNGvOw%3D%3D
"ML Software Engineer, Integrity",Lyft,"New York, NY",https://www.linkedin.com/jobs/view/ml-software-engineer-integrity-at-lyft-4362474597?position=9&pageNum=5&refId=PTN8CA7KTgVSaIE3MSgEYw%3D%3D&trackingId=e9%2FSKmHFsXG9J2tRaKD3Vg%3D%3D
Software Engineer,FanDuel,"New York, NY",https://www.linkedin.com/jobs/view/software-engineer-at-fanduel-4367490035?position=10&pageNum=5&refId=PTN8CA7KTgVSaIE3MSgEYw%3D%3D&trackingId=zrbYi6Uc%2Fku0vFAK1GdA9Q%3D%3D
Software Engineer 5 - Content & Business Products,Netflix,"New York, NY",https://www.linkedin.com/jobs/view/software-engineer-5-content-business-products-at-netflix-4220344508?position=1&pageNum=7&refId=%2Ffy8eFqDAWIHn1qOGq4uUw%3D%3D&trackingId=Ui%2BYxd5XEQaVayEALJZdXg%3D%3D
Fullstack Software Engineer,Breeze,"New York, NY",https://www.linkedin.com/jobs/view/fullstack-software-engineer-at-breeze-4350160781?position=2&pageNum=7&refId=%2Ffy8eFqDAWIHn1qOGq4uUw%3D%3D&trackingId=vCEtReFkZ%2BwcHrzk9k9NtA%3D%3D
Entry-Level Engineer,Rogo,"New York, NY",https://www.linkedin.com/jobs/view/entry-level-engineer-at-rogo-4318517243?position=3&pageNum=7&refId=%2Ffy8eFqDAWIHn1qOGq4uUw%3D%3D&trackingId=37OOEv4hjJln1JWwaaWh8Q%3D%3D
Founding Full-Stack Engineer,Lume,"New York, NY",https://www.linkedin.com/jobs/view/founding-full-stack-engineer-at-lume-3958744395?position=4&pageNum=7&refId=%2Ffy8eFqDAWIHn1qOGq4uUw%3D%3D&trackingId=Hgy2r34ZOo8VnzcB%2FiXiRA%3D%3D
"Software Engineer, Frontend",Ramp,"New York, NY",https://www.linkedin.com/jobs/view/software-engineer-frontend-at-ramp-4362709163?position=5&pageNum=7&refId=%2Ffy8eFqDAWIHn1qOGq4uUw%3D%3D&trackingId=TUXW1s3rjp4kky%2BZAowcEw%3D%3D
Don't see the right opportunity? Apply here!,REGAL,"New York, NY",https://www.linkedin.com/jobs/view/don-t-see-the-right-opportunity%3F-apply-here%21-at-regal-4365706896?position=6&pageNum=7&refId=%2Ffy8eFqDAWIHn1qOGq4uUw%3D%3D&trackingId=rShV%2FD9S1egK2aQGZ9V%2BtQ%3D%3D
"Software Engineer, 2026 New Grad",Whatnot,"New York, NY",https://www.linkedin.com/jobs/view/software-engineer-2026-new-grad-at-whatnot-4324599785?position=7&pageNum=7&refId=%2Ffy8eFqDAWIHn1qOGq4uUw%3D%3D&trackingId=lmhTIFkpVHH4mxC18EPFfA%3D%3D
Staff Frontend Engineer,Porter,"New York, NY",https://www.linkedin.com/jobs/view/staff-frontend-engineer-at-porter-4295126476?position=8&pageNum=7&refId=%2Ffy8eFqDAWIHn1qOGq4uUw%3D%3D&trackingId=vxNZwWIMNm8mrO85WLQAKA%3D%3D
"Software Engineer, Apple Pay — Wallet, Payments & Commerce (WPC)",Apple,"New York, NY",https://www.linkedin.com/jobs/view/software-engineer-apple-pay-%E2%80%94-wallet-payments-commerce-wpc-at-apple-4360024023?position=9&pageNum=7&refId=%2Ffy8eFqDAWIHn1qOGq4uUw%3D%3D&trackingId=YLn1rWF73CO4vv2sTuRaKQ%3D%3D
"Software Engineer, Full Stack",Office Hours,"New York, NY",https://www.linkedin.com/jobs/view/software-engineer-full-stack-at-office-hours-4354361900?position=10&pageNum=7&refId=%2Ffy8eFqDAWIHn1qOGq4uUw%3D%3D&trackingId=n4Ka492X0vbVR7wkJSP2xg%3D%3D
Software Engineer - Full Stack,Airgoods,"New York, NY",https://www.linkedin.com/jobs/view/software-engineer-full-stack-at-airgoods-4320950614?position=1&pageNum=10&refId=1pBQyb1bDCk2RgMcd7vxkQ%3D%3D&trackingId=MCKxfVkS1Pn2J2N0CcC1Pw%3D%3D
Java Developer,Morgan Stanley,"New York, NY",https://www.linkedin.com/jobs/view/java-developer-at-morgan-stanley-4256198177?position=2&pageNum=10&refId=1pBQyb1bDCk2RgMcd7vxkQ%3D%3D&trackingId=UURntK3IOp6afXZLclaAvg%3D%3D
"Software Engineer, Infrastructure",Meta,"New York, NY",https://www.linkedin.com/jobs/view/software-engineer-infrastructure-at-meta-4286308098?position=3&pageNum=10&refId=1pBQyb1bDCk2RgMcd7vxkQ%3D%3D&trackingId=xIbsejP8UFV%2B6RMyvDhB5w%3D%3D
Software Engineer,Garage (YC W24),"New York, NY",https://www.linkedin.com/jobs/view/software-engineer-at-garage-yc-w24-4360600455?position=4&pageNum=10&refId=1pBQyb1bDCk2RgMcd7vxkQ%3D%3D&trackingId=JRLblQPl5ROn8aFgBc%2BqGg%3D%3D
"Fullstack Software Engineer, New Grad",PermitFlow,"New York, NY",https://www.linkedin.com/jobs/view/fullstack-software-engineer-new-grad-at-permitflow-4341256370?position=5&pageNum=10&refId=1pBQyb1bDCk2RgMcd7vxkQ%3D%3D&trackingId=TKE2V2rXbXVI3qEX0YfGkg%3D%3D
"Software Engineer (Backend), Automation",Postman Corp,Buffalo-Niagara Falls Area,https://www.linkedin.com/jobs/view/software-engineer-backend-automation-at-postman-corp-4265262540?position=6&pageNum=10&refId=1pBQyb1bDCk2RgMcd7vxkQ%3D%3D&trackingId=ponVS1AygpcgFceIdTldyQ%3D%3D
Software Engineer,FanDuel,"New York, NY",https://www.linkedin.com/jobs/view/software-engineer-at-fanduel-4348805701?position=7&pageNum=10&refId=1pBQyb1bDCk2RgMcd7vxkQ%3D%3D&trackingId=cpkXIwd9rsP4doMfN7prDw%3D%3D
"Software Engineer, Cloud Infrastructure",Notion,"New York, NY",https://www.linkedin.com/jobs/view/software-engineer-cloud-infrastructure-at-notion-4334347546?position=8&pageNum=10&refId=1pBQyb1bDCk2RgMcd7vxkQ%3D%3D&trackingId=ZB8wTCbQ4KiD85cP4DdYkg%3D%3D
Software Engineer - Backend,Attention,"New York, NY",https://www.linkedin.com/jobs/view/software-engineer-backend-at-attention-4365540304?position=9&pageNum=10&refId=1pBQyb1bDCk2RgMcd7vxkQ%3D%3D&trackingId=bIYOjDQY3fWsly7SRXdveA%3D%3D
Backend Engineer (Go),Porter,"New York, NY",https://www.linkedin.com/jobs/view/backend-engineer-go-at-porter-3837054420?position=10&pageNum=10&refId=1pBQyb1bDCk2RgMcd7vxkQ%3D%3D&trackingId=dtUoYoW92YqB80ZeFZ91Vg%3D%3D
Software Engineer,Suno,"New York, NY",https://www.linkedin.com/jobs/view/software-engineer-at-suno-4347563801?position=1&pageNum=12&refId=BViACmhP0TuGu85j30WmHQ%3D%3D&trackingId=LNvaHX59faxD1jOcEIxI1A%3D%3D
Full Stack Software Engineer,On Me,"New York, NY",https://www.linkedin.com/jobs/view/full-stack-software-engineer-at-on-me-4363814664?position=2&pageNum=12&refId=BViACmhP0TuGu85j30WmHQ%3D%3D&trackingId=jN9PjyE06Mtnxn5afREgyw%3D%3D
Software Engineer,Savvy Wealth,"New York, NY",https://www.linkedin.com/jobs/view/software-engineer-at-savvy-wealth-4258172834?position=3&pageNum=12&refId=BViACmhP0TuGu85j30WmHQ%3D%3D&trackingId=kXNxEiAyyKnIC%2B%2FCyrw8mA%3D%3D
Software Engineer,Artifact,"New York, NY",https://www.linkedin.com/jobs/view/software-engineer-at-artifact-4249318206?position=4&pageNum=12&refId=BViACmhP0TuGu85j30WmHQ%3D%3D&trackingId=oNbLIxULDukkn44PY48ayA%3D%3D
Software Engineer,Glimpse,"New York, NY",https://www.linkedin.com/jobs/view/software-engineer-at-glimpse-4318511322?position=5&pageNum=12&refId=BViACmhP0TuGu85j30WmHQ%3D%3D&trackingId=jRfY7L7OkzFgh0scsLMTcA%3D%3D
"Software Engineer, Frontend",Clay,"New York, NY",https://www.linkedin.com/jobs/view/software-engineer-frontend-at-clay-4338417419?position=6&pageNum=12&refId=BViACmhP0TuGu85j30WmHQ%3D%3D&trackingId=qXNGMrm8xyKudm%2BsNBia7w%3D%3D
Fullstack Software Engineer,Siena AI,"New York, NY",https://www.linkedin.com/jobs/view/fullstack-software-engineer-at-siena-ai-4339249978?position=7&pageNum=12&refId=BViACmhP0TuGu85j30WmHQ%3D%3D&trackingId=fnUnS0ipyI1jT%2BvmUVfk3Q%3D%3D
Full stack engineer,NewForm,"New York, NY",https://www.linkedin.com/jobs/view/full-stack-engineer-at-newform-4365466038?position=8&pageNum=12&refId=BViACmhP0TuGu85j30WmHQ%3D%3D&trackingId=A3W0z8cbWtPBS4GBZRyoHg%3D%3D
"Software Engineer, Trading Engineering",Two Sigma,"New York, United States",https://www.linkedin.com/jobs/view/software-engineer-trading-engineering-at-two-sigma-4285896406?position=9&pageNum=12&refId=BViACmhP0TuGu85j30WmHQ%3D%3D&trackingId=ya%2BQpsFBFNYyp2uZIYs00g%3D%3D
Software Engineer,Tandem,"New York, NY",https://www.linkedin.com/jobs/view/software-engineer-at-tandem-4338407330?position=10&pageNum=12&refId=BViACmhP0TuGu85j30WmHQ%3D%3D&trackingId=7qZiS1xwALWI3CzgDEhbvg%3D%3D
Software Engineer,Cotera,"New York, NY",https://www.linkedin.com/jobs/view/software-engineer-at-cotera-4098327816?position=1&pageNum=15&refId=LgUuneEBqeekAjpm7a1kgA%3D%3D&trackingId=XFZXJvDWI%2BBit4RrjLbCwg%3D%3D
"Software Engineer II - Backend, Mobility & Business Platforms",Uber,"New York, NY",https://www.linkedin.com/jobs/view/software-engineer-ii-backend-mobility-business-platforms-at-uber-4366285369?position=2&pageNum=15&refId=LgUuneEBqeekAjpm7a1kgA%3D%3D&trackingId=HA5JRIcgtK6jO2g%2Ba8FueA%3D%3D
"Software Engineer, Platform",CLEAR,"New York, NY",https://www.linkedin.com/jobs/view/software-engineer-platform-at-clear-4339089587?position=3&pageNum=15&refId=LgUuneEBqeekAjpm7a1kgA%3D%3D&trackingId=%2BNMJx9MLmHV3IUbs8%2BuOOQ%3D%3D
Software Engineer,WalkMe,"New York, NY",https://www.linkedin.com/jobs/view/software-engineer-at-walkme-4258793195?position=4&pageNum=15&refId=LgUuneEBqeekAjpm7a1kgA%3D%3D&trackingId=kxR%2FgwHtNLrkccJ8ke9Qgw%3D%3D
"Software Engineer, iOS",Lyft,"New York, NY",https://www.linkedin.com/jobs/view/software-engineer-ios-at-lyft-4344376340?position=5&pageNum=15&refId=LgUuneEBqeekAjpm7a1kgA%3D%3D&trackingId=kCCPLIj2%2B4QL92PJzA6tTA%3D%3D
"Software Engineer, Backend",Tatari,"New York, NY",https://www.linkedin.com/jobs/view/software-engineer-backend-at-tatari-4277928592?position=6&pageNum=15&refId=LgUuneEBqeekAjpm7a1kgA%3D%3D&trackingId=CgHv6%2F5rLjJ8%2F98as7B8VQ%3D%3D
Java Developer,TheCorporate,"New York, United States",https://www.linkedin.com/jobs/view/java-developer-at-thecorporate-4366880891?position=7&pageNum=15&refId=LgUuneEBqeekAjpm7a1kgA%3D%3D&trackingId=aZ4AIThFvTI6fxHJHdvyBA%3D%3D
Frontend Developer,DataAnnotation,"New York, United States",https://www.linkedin.com/jobs/view/frontend-developer-at-dataannotation-4309699155?position=8&pageNum=15&refId=LgUuneEBqeekAjpm7a1kgA%3D%3D&trackingId=QlrZPglIOHvglAcc3tDrwg%3D%3D
Software Engineer,Moab,"New York, NY",https://www.linkedin.com/jobs/view/software-engineer-at-moab-4318517031?position=9&pageNum=15&refId=LgUuneEBqeekAjpm7a1kgA%3D%3D&trackingId=qJI6dIHWLOPF%2Bsr3cSnHqQ%3D%3D
Software Engineer (Back End),Datasite,"New York, NY",https://www.linkedin.com/jobs/view/software-engineer-back-end-at-datasite-4356448233?position=10&pageNum=15&refId=LgUuneEBqeekAjpm7a1kgA%3D%3D&trackingId=UulTxR1XcaHtuxkVLsGXrQ%3D%3D
Software Engineer - New Grad (Summer 2026),Nominal,"New York, NY",https://www.linkedin.com/jobs/view/software-engineer-new-grad-summer-2026-at-nominal-4353884089?position=1&pageNum=17&refId=6EyhcMixhy4PIFrpH0Qh5g%3D%3D&trackingId=KSOMQPsFDHb6zI23GU0Fkw%3D%3D
"Software Engineer, Backend - Sora",OpenAI,Buffalo-Niagara Falls Area,https://www.linkedin.com/jobs/view/software-engineer-backend-sora-at-openai-4349578269?position=2&pageNum=17&refId=6EyhcMixhy4PIFrpH0Qh5g%3D%3D&trackingId=gJLdAyfblfrBj4%2F3PLdmNQ%3D%3D
"Software Engineer, Backend",Siro,"New York, United States",https://www.linkedin.com/jobs/view/software-engineer-backend-at-siro-4233871803?position=3&pageNum=17&refId=6EyhcMixhy4PIFrpH0Qh5g%3D%3D&trackingId=wjsMJDxzPpGvoFI9Q3IO%2FA%3D%3D
Full Stack Software Engineer,AnsibleHealth,"New York, NY",https://www.linkedin.com/jobs/view/full-stack-software-engineer-at-ansiblehealth-4346734071?position=4&pageNum=17&refId=6EyhcMixhy4PIFrpH0Qh5g%3D%3D&trackingId=0nXsXf%2BSs4ifZZ%2BCJgFiHw%3D%3D
Software Engineer,Octaura,"New York, United States",https://www.linkedin.com/jobs/view/software-engineer-at-octaura-4367632095?position=5&pageNum=17&refId=6EyhcMixhy4PIFrpH0Qh5g%3D%3D&trackingId=EkaZDZa5sWDHM7ltV1QH2A%3D%3D
"Software Engineer, Java & Salesforce",CLEAR,"New York, NY",https://www.linkedin.com/jobs/view/software-engineer-java-salesforce-at-clear-4358546074?position=6&pageNum=17&refId=6EyhcMixhy4PIFrpH0Qh5g%3D%3D&trackingId=3oZPA%2F4i77l%2Fw%2F8%2Fjukidg%3D%3D
"Software Engineer, Platform",Doppel,"New York, United States",https://www.linkedin.com/jobs/view/software-engineer-platform-at-doppel-4366279258?position=7&pageNum=17&refId=6EyhcMixhy4PIFrpH0Qh5g%3D%3D&trackingId=owt7bXKqFZM4Xsa2spX2aQ%3D%3D
Full Stack Software Engineer,Standard Template Labs,"New York, NY",https://www.linkedin.com/jobs/view/full-stack-software-engineer-at-standard-template-labs-4338724977?position=8&pageNum=17&refId=6EyhcMixhy4PIFrpH0Qh5g%3D%3D&trackingId=bCBzUlOtuTEYeQ5hksfc%2Bw%3D%3D
Backend Engineer,Wealthfront,"New York, NY",https://www.linkedin.com/jobs/view/backend-engineer-at-wealthfront-4296094481?position=9&pageNum=17&refId=6EyhcMixhy4PIFrpH0Qh5g%3D%3D&trackingId=c%2B6uYVw%2BnzC97lLSSr3FBw%3D%3D
Backend Software Engineer,Verneek,"New York County, NY",https://www.linkedin.com/jobs/view/backend-software-engineer-at-verneek-4353102293?position=10&pageNum=17&refId=6EyhcMixhy4PIFrpH0Qh5g%3D%3D&trackingId=DDT6mnvuwgmNrL508L2K8Q%3D%3D
"Software Engineer, New Grad - Infrastructure",Palantir Technologies,"New York, NY",https://www.linkedin.com/jobs/view/software-engineer-new-grad-infrastructure-at-palantir-technologies-4258756847?position=1&pageNum=20&refId=n%2BXANSdAgu2kDjogh%2FoREQ%3D%3D&trackingId=uywQOaZeVyDg7LnTcN7b3A%3D%3D
"Software Engineer, Product (backend-leaning)",Pinwheel,"New York, NY",https://www.linkedin.com/jobs/view/software-engineer-product-backend-leaning-at-pinwheel-4366040900?position=2&pageNum=20&refId=n%2BXANSdAgu2kDjogh%2FoREQ%3D%3D&trackingId=rrg99XXF2NvIqt1c%2F366FA%3D%3D
Software Engineer II - (Fullstack / Product Engineering),StubHub,"New York, NY",https://www.linkedin.com/jobs/view/software-engineer-ii-fullstack-product-engineering-at-stubhub-4363681258?position=3&pageNum=20&refId=n%2BXANSdAgu2kDjogh%2FoREQ%3D%3D&trackingId=Ij4DMXKu%2F75r6VobAXpoDQ%3D%3D
Python Developer,BCforward,"Brooklyn, NY",https://www.linkedin.com/jobs/view/python-developer-at-bcforward-4366362792?position=4&pageNum=20&refId=n%2BXANSdAgu2kDjogh%2FoREQ%3D%3D&trackingId=tQkwT7zaoqLd%2FHCpCDvBpg%3D%3D
Software Engineer - Stablecoins,BitGo,"New York, United States",https://www.linkedin.com/jobs/view/software-engineer-stablecoins-at-bitgo-4359112080?position=5&pageNum=20&refId=n%2BXANSdAgu2kDjogh%2FoREQ%3D%3D&trackingId=tzuZNuB2avkSNDUtkMpVXw%3D%3D
Full Stack Software Engineer,Northslope Technologies,"New York, United States",https://www.linkedin.com/jobs/view/full-stack-software-engineer-at-northslope-technologies-4260290879?position=6&pageNum=20&refId=n%2BXANSdAgu2kDjogh%2FoREQ%3D%3D&trackingId=UDwzlxQTM8ONndd%2BfoQKQw%3D%3D
Frontend Developer,BeaconFire Inc.,"New York, United States",https://www.linkedin.com/jobs/view/frontend-developer-at-beaconfire-inc-4316280048?position=7&pageNum=20&refId=n%2BXANSdAgu2kDjogh%2FoREQ%3D%3D&trackingId=E97Mceah1OGcSGcuxYfaFg%3D%3D
Software Engineer,RealStack AI,"New York, NY",https://www.linkedin.com/jobs/view/software-engineer-at-realstack-ai-4286972555?position=8&pageNum=20&refId=n%2BXANSdAgu2kDjogh%2FoREQ%3D%3D&trackingId=SfXfDGmGUzAZDb%2F9SrfUOA%3D%3D
Software Engineer - Frontend,Nominal,"New York, NY",https://www.linkedin.com/jobs/view/software-engineer-frontend-at-nominal-4354206636?position=9&pageNum=20&refId=n%2BXANSdAgu2kDjogh%2FoREQ%3D%3D&trackingId=TcSXyTwuBXn76GreanUsPw%3D%3D
Software Engineer,Evolve Group,"New York, United States",https://www.linkedin.com/jobs/view/software-engineer-at-evolve-group-4355796902?position=10&pageNum=20&refId=n%2BXANSdAgu2kDjogh%2FoREQ%3D%3D&trackingId=qmfwSKMyjqli4%2FZ%2F1ASkqQ%3D%3D
Software Engineer,Epic,"New York, NY",https://www.linkedin.com/jobs/view/software-engineer-at-epic-3986118114?position=1&pageNum=22&refId=jCqdYPoxJyeNK0JYJ2Fskw%3D%3D&trackingId=jOKNr%2BPMhmYcc6V%2FjdTYzQ%3D%3D
"Software Engineer, Front-End",Talos,"New York, United States",https://www.linkedin.com/jobs/view/software-engineer-front-end-at-talos-4325862609?position=2&pageNum=22&refId=jCqdYPoxJyeNK0JYJ2Fskw%3D%3D&trackingId=WCv3RT%2FQLt0%2BhUzChfoDaw%3D%3D
Fullstack Engineer,YourStake,"New York, NY",https://www.linkedin.com/jobs/view/fullstack-engineer-at-yourstake-4292590237?position=3&pageNum=22&refId=jCqdYPoxJyeNK0JYJ2Fskw%3D%3D&trackingId=gCTKXe1dvMelGToM8XXMUg%3D%3D
Full-Stack Engineer,Big Leap Health,"New York, NY",https://www.linkedin.com/jobs/view/full-stack-engineer-at-big-leap-health-4334759198?position=4&pageNum=22&refId=jCqdYPoxJyeNK0JYJ2Fskw%3D%3D&trackingId=Chcm088JScK2O8CRcmH4Og%3D%3D
Software Engineer (Fullstack),Traba,"New York, NY",https://www.linkedin.com/jobs/view/software-engineer-fullstack-at-traba-4205982511?position=5&pageNum=22&refId=jCqdYPoxJyeNK0JYJ2Fskw%3D%3D&trackingId=dBVzkp2TyFlV3i1VLZ6%2F6A%3D%3D
Software Engineer,Visionairy,"New York, NY",https://www.linkedin.com/jobs/view/software-engineer-at-visionairy-4346004711?position=6&pageNum=22&refId=jCqdYPoxJyeNK0JYJ2Fskw%3D%3D&trackingId=ErVRrc6NW9YIHqnnl1aqSQ%3D%3D
Software Engineer - Backend,Thread AI,"New York, NY",https://www.linkedin.com/jobs/view/software-engineer-backend-at-thread-ai-4294140138?position=7&pageNum=22&refId=jCqdYPoxJyeNK0JYJ2Fskw%3D%3D&trackingId=zEjZ%2BndApx1erMPS%2B2kZNQ%3D%3D
Full Stack Software Engineer,J2 Health,"New York, NY",https://www.linkedin.com/jobs/view/full-stack-software-engineer-at-j2-health-4325515236?position=8&pageNum=22&refId=jCqdYPoxJyeNK0JYJ2Fskw%3D%3D&trackingId=c3S%2BHg4%2FsdSd6fhKvjGu%2Fg%3D%3D
Software Developer,The D. E. Shaw Group,"New York, NY",https://www.linkedin.com/jobs/view/software-developer-at-the-d-e-shaw-group-3949597164?position=9&pageNum=22&refId=jCqdYPoxJyeNK0JYJ2Fskw%3D%3D&trackingId=5dDzrS2Ir0JBCcMeEOejsA%3D%3D
"Software Engineer, Platform",Beam,"New York, NY",https://www.linkedin.com/jobs/view/software-engineer-platform-at-beam-4294295643?position=10&pageNum=22&refId=jCqdYPoxJyeNK0JYJ2Fskw%3D%3D&trackingId=9avE%2F6rsXUOoyEZrsDPB1A%3D%3D
Full Stack Engineer,Rezolve Ai,"New York, NY",https://www.linkedin.com/jobs/view/full-stack-engineer-at-rezolve-ai-4343081711?position=1&pageNum=25&refId=6y5VRdKMTqE2n3P9voDkxA%3D%3D&trackingId=TRYue5dYnWJq55PWJFkMTQ%3D%3D
Fullstack Engineer,Clarion,"New York, NY",https://www.linkedin.com/jobs/view/fullstack-engineer-at-clarion-4366276613?position=2&pageNum=25&refId=6y5VRdKMTqE2n3P9voDkxA%3D%3D&trackingId=gk%2BIRPXwe7YDmApkpUJG%2Fg%3D%3D
Full Stack C# Developer,Neuberger Berman,"New York, NY",https://www.linkedin.com/jobs/view/full-stack-c%23-developer-at-neuberger-berman-4321442505?position=3&pageNum=25&refId=6y5VRdKMTqE2n3P9voDkxA%3D%3D&trackingId=erg1tVBqLUTlj2xgzP92KQ%3D%3D
Software Engineer Intern - 2027 Graduates,Rilla,"New York, NY",https://www.linkedin.com/jobs/view/software-engineer-intern-2027-graduates-at-rilla-4299003446?position=4&pageNum=25&refId=6y5VRdKMTqE2n3P9voDkxA%3D%3D&trackingId=ZP74HHnBCMLmY6rMxmOHwg%3D%3D
"Software Engineer, New Grad - Defense",Palantir Technologies,"New York, NY",https://www.linkedin.com/jobs/view/software-engineer-new-grad-defense-at-palantir-technologies-4258760078?position=5&pageNum=25&refId=6y5VRdKMTqE2n3P9voDkxA%3D%3D&trackingId=Iu9uFHe9AG4jEdkQQg8y7g%3D%3D
Software Engineer - Frontend,Thread AI,"New York, NY",https://www.linkedin.com/jobs/view/software-engineer-frontend-at-thread-ai-4250725491?position=6&pageNum=25&refId=6y5VRdKMTqE2n3P9voDkxA%3D%3D&trackingId=dmGCa0szBF9p57TGjTd6vA%3D%3D
Frontend Engineer - AI Agent,Superblocks,"New York, NY",https://www.linkedin.com/jobs/view/frontend-engineer-ai-agent-at-superblocks-4288817588?position=7&pageNum=25&refId=6y5VRdKMTqE2n3P9voDkxA%3D%3D&trackingId=vVKW3ITBT3%2FtPgclFrYq5g%3D%3D
"Software Engineer, Product Infrastructure",Notion,"New York, NY",https://www.linkedin.com/jobs/view/software-engineer-product-infrastructure-at-notion-4334228087?position=8&pageNum=25&refId=6y5VRdKMTqE2n3P9voDkxA%3D%3D&trackingId=tGAxfXQJdzaw8N8dMZ8B%2Fg%3D%3D
"Full-Stack Engineer, Technology",Point72,"New York, United States",https://www.linkedin.com/jobs/view/full-stack-engineer-technology-at-point72-4168496454?position=9&pageNum=25&refId=6y5VRdKMTqE2n3P9voDkxA%3D%3D&trackingId=O5Do3bZ8A5h5KbghbYqFFg%3D%3D
Software Engineer (HFT),Venture Search,"New York, United States",https://www.linkedin.com/jobs/view/software-engineer-hft-at-venture-search-4355708130?position=10&pageNum=25&refId=6y5VRdKMTqE2n3P9voDkxA%3D%3D&trackingId=32i6%2BIh3jP0uSYZd5rX5Tg%3D%3D
Backend Software Engineer,Novellia,"New York, NY",https://www.linkedin.com/jobs/view/backend-software-engineer-at-novellia-4339309726?position=1&pageNum=27&refId=SuYOvuKLXPFaMU9rkObbyg%3D%3D&trackingId=iMFhfDCaNU6Cio9dDfSGpg%3D%3D
Front-End Engineer,Glimpse,"New York, NY",https://www.linkedin.com/jobs/view/front-end-engineer-at-glimpse-4318503611?position=2&pageNum=27&refId=SuYOvuKLXPFaMU9rkObbyg%3D%3D&trackingId=Vu%2BMSXGYsePyi%2B7G%2BDVsTQ%3D%3D
Software Engineer – (CICC),JPS Tech Solutions,"New York, NY",https://www.linkedin.com/jobs/view/software-engineer-%E2%80%93-cicc-at-jps-tech-solutions-4346441252?position=3&pageNum=27&refId=SuYOvuKLXPFaMU9rkObbyg%3D%3D&trackingId=SLQn2KpqZYqeXFKg0FkZgg%3D%3D
Founding Fullstack Engineer,Weekday AI (YC W21),"New York, NY",https://www.linkedin.com/jobs/view/founding-fullstack-engineer-at-weekday-ai-yc-w21-4290395855?position=4&pageNum=27&refId=SuYOvuKLXPFaMU9rkObbyg%3D%3D&trackingId=w3cJibqR3aU%2F4ps6PpHATg%3D%3D
Software Engineer 4 - Ads Pricing & Packaging,Netflix,"New York, United States",https://www.linkedin.com/jobs/view/software-engineer-4-ads-pricing-packaging-at-netflix-4355955391?position=5&pageNum=27&refId=SuYOvuKLXPFaMU9rkObbyg%3D%3D&trackingId=vs1yh1eBNFI2IiFYyTrMpQ%3D%3D
Full Stack Software Engineer - Application Development,Palantir Technologies,"New York, NY",https://www.linkedin.com/jobs/view/full-stack-software-engineer-application-development-at-palantir-technologies-4054555980?position=6&pageNum=27&refId=SuYOvuKLXPFaMU9rkObbyg%3D%3D&trackingId=JHr1RclKtzhAJz%2BWgNtDjg%3D%3D
Backend Engineer,MLabs,"New York, NY",https://www.linkedin.com/jobs/view/backend-engineer-at-mlabs-4359496389?position=7&pageNum=27&refId=SuYOvuKLXPFaMU9rkObbyg%3D%3D&trackingId=2Gdy7kQ23OaQ%2B1IXUer%2Bgw%3D%3D
C++ Developer,Morgan Stanley,"New York, NY",https://www.linkedin.com/jobs/view/c%2B%2B-developer-at-morgan-stanley-4330491207?position=8&pageNum=27&refId=SuYOvuKLXPFaMU9rkObbyg%3D%3D&trackingId=N2gSvdbTxURqs5P9xxp44w%3D%3D
"Software Engineer II, Frontend Platform",Brex,"New York, NY",https://www.linkedin.com/jobs/view/software-engineer-ii-frontend-platform-at-brex-4346109510?position=9&pageNum=27&refId=SuYOvuKLXPFaMU9rkObbyg%3D%3D&trackingId=d4pBIaUC3p%2FOeyeS5qm%2FTg%3D%3D
Software Engineer Backend - Kohler Ventures,Kohler Ventures,"New York, NY",https://www.linkedin.com/jobs/view/software-engineer-backend-kohler-ventures-at-kohler-ventures-4256089283?position=10&pageNum=27&refId=SuYOvuKLXPFaMU9rkObbyg%3D%3D&trackingId=CdUcyqzOAOkh6NN2sUQYiQ%3D%3D
Software Engineer,Moxxi Digital,"New York, NY",https://www.linkedin.com/jobs/view/software-engineer-at-moxxi-digital-4365534220?position=1&pageNum=30&refId=BqBDpsSPszSS%2FIJHwFHIpQ%3D%3D&trackingId=%2BcuM8gJlBvQ%2BeqYypJmkpQ%3D%3D
Front End Engineer,ether.fi,"New York, NY",https://www.linkedin.com/jobs/view/front-end-engineer-at-ether-fi-4318503584?position=2&pageNum=30&refId=BqBDpsSPszSS%2FIJHwFHIpQ%3D%3D&trackingId=Fi87hkbd%2BUWu14YOItw0ug%3D%3D
Software Engineer,Velocity Tech,"New York, United States",https://www.linkedin.com/jobs/view/software-engineer-at-velocity-tech-4360884766?position=3&pageNum=30&refId=BqBDpsSPszSS%2FIJHwFHIpQ%3D%3D&trackingId=966T3CYQ1Jo6OoCZo8Q0Lg%3D%3D
Full Stack Engineer,Kontakt.io,"New York, NY",https://www.linkedin.com/jobs/view/full-stack-engineer-at-kontakt-io-4338431630?position=4&pageNum=30&refId=BqBDpsSPszSS%2FIJHwFHIpQ%3D%3D&trackingId=H1ihxhW1TdvaMPakouvH3Q%3D%3D
Backend Software Engineer - Dragonfly Portfolio,Dragonfly,"New York, NY",https://www.linkedin.com/jobs/view/backend-software-engineer-dragonfly-portfolio-at-dragonfly-4283677585?position=5&pageNum=30&refId=BqBDpsSPszSS%2FIJHwFHIpQ%3D%3D&trackingId=0wKoSp698XzAc%2FMMs2V0yg%3D%3D
Full-Stack Software Engineer,GovWell,"New York, NY",https://www.linkedin.com/jobs/view/full-stack-software-engineer-at-govwell-4317491181?position=6&pageNum=30&refId=BqBDpsSPszSS%2FIJHwFHIpQ%3D%3D&trackingId=VU5%2BVCj%2BQFuwJPKCR728%2FA%3D%3D
Backend Software Engineer - Incubations,Sei Labs,"New York, NY",https://www.linkedin.com/jobs/view/backend-software-engineer-incubations-at-sei-labs-4366447476?position=7&pageNum=30&refId=BqBDpsSPszSS%2FIJHwFHIpQ%3D%3D&trackingId=SuuaY2i21kYH0n4gedQloQ%3D%3D
Full Stack Software Engineer,SentiLink,"New York, NY",https://www.linkedin.com/jobs/view/full-stack-software-engineer-at-sentilink-4343474503?position=8&pageNum=30&refId=BqBDpsSPszSS%2FIJHwFHIpQ%3D%3D&trackingId=L2lhR%2Fo8rXrmOHDoPbB1Vw%3D%3D
Fullstack Software Engineer,PermitFlow,"New York, NY",https://www.linkedin.com/jobs/view/fullstack-software-engineer-at-permitflow-4335205638?position=9&pageNum=30&refId=BqBDpsSPszSS%2FIJHwFHIpQ%3D%3D&trackingId=KLHlDS63MkOKrmP65elNgw%3D%3D
Sofware Engineer - Frontend,Airgoods,"New York, NY",https://www.linkedin.com/jobs/view/sofware-engineer-frontend-at-airgoods-4305845072?position=10&pageNum=30&refId=BqBDpsSPszSS%2FIJHwFHIpQ%3D%3D&trackingId=3MWcxfQNQufMwen%2FzSvKDw%3D%3D
Software Engineer,Adaptive Security,"New York, NY",https://www.linkedin.com/jobs/view/software-engineer-at-adaptive-security-4354290861?position=1&pageNum=32&refId=bHkzfN7LX%2Bc%2BhTXrYSsWIA%3D%3D&trackingId=2EH6GsiwDfa%2FNAzT5f6sfw%3D%3D
Founding Engineer,Lendtable,"New York, NY",https://www.linkedin.com/jobs/view/founding-engineer-at-lendtable-3965262955?position=2&pageNum=32&refId=bHkzfN7LX%2Bc%2BhTXrYSsWIA%3D%3D&trackingId=dYXoyAS9QsGNW5JUUzvflQ%3D%3D
Full Stack Engineer,Stott and May,"New York, NY",https://www.linkedin.com/jobs/view/full-stack-engineer-at-stott-and-may-4366083384?position=3&pageNum=32&refId=bHkzfN7LX%2Bc%2BhTXrYSsWIA%3D%3D&trackingId=IIkPAdbUoaf0VUJGUtbeHw%3D%3D
Software Engineer,Campbell North,"New York, United States",https://www.linkedin.com/jobs/view/software-engineer-at-campbell-north-4351795671?position=4&pageNum=32&refId=bHkzfN7LX%2Bc%2BhTXrYSsWIA%3D%3D&trackingId=fgNZUDjGe%2BLN%2BBOfHtdxeA%3D%3D
Founding Engineer (Fullstack),Tracecat,"New York, NY",https://www.linkedin.com/jobs/view/founding-engineer-fullstack-at-tracecat-4303655899?position=5&pageNum=32&refId=bHkzfN7LX%2Bc%2BhTXrYSsWIA%3D%3D&trackingId=N3gXRj4OdbI%2FXHskUritLA%3D%3D
Software Engineer (AI),Numeral,"New York, NY",https://www.linkedin.com/jobs/view/software-engineer-ai-at-numeral-4366663670?position=6&pageNum=32&refId=bHkzfN7LX%2Bc%2BhTXrYSsWIA%3D%3D&trackingId=zjSbiwgiHsnLXdV0VIL0Jw%3D%3D
Front End Engineer - Apollo Platform,Palantir Technologies,"New York, NY",https://www.linkedin.com/jobs/view/front-end-engineer-apollo-platform-at-palantir-technologies-4279727272?position=7&pageNum=32&refId=bHkzfN7LX%2Bc%2BhTXrYSsWIA%3D%3D&trackingId=eX6gaFeoxza%2Fp5vnIchsLA%3D%3D
Software Engineer (Backend),Traba,"New York, NY",https://www.linkedin.com/jobs/view/software-engineer-backend-at-traba-4205984267?position=8&pageNum=32&refId=bHkzfN7LX%2Bc%2BhTXrYSsWIA%3D%3D&trackingId=x3WNlSZzuXuB%2BZRss26KdA%3D%3D
Software Engineer,Thurn Partners,"New York, United States",https://www.linkedin.com/jobs/view/software-engineer-at-thurn-partners-4349423507?position=9&pageNum=32&refId=bHkzfN7LX%2Bc%2BhTXrYSsWIA%3D%3D&trackingId=vTHygzTN54X8NkDlyh%2BXTw%3D%3D
"Software Engineer, iOS",Meta,"New York, NY",https://www.linkedin.com/jobs/view/software-engineer-ios-at-meta-4254367799?position=10&pageNum=32&refId=bHkzfN7LX%2Bc%2BhTXrYSsWIA%3D%3D&trackingId=93oBN3kq0czJai9GoZEYxg%3D%3D
"Software Engineer - Smart Contract, Bridge",Stripe,"New York, United States",https://www.linkedin.com/jobs/view/software-engineer-smart-contract-bridge-at-stripe-4346757047?position=1&pageNum=35&refId=8zjVmjhURfK1cnjCOoqByg%3D%3D&trackingId=nAMY5mNxObUPZx5GQHyjYg%3D%3D
Software Engineer | High-Frequency Trading,Evolve Group,"New York, United States",https://www.linkedin.com/jobs/view/software-engineer-high-frequency-trading-at-evolve-group-4353765183?position=2&pageNum=35&refId=8zjVmjhURfK1cnjCOoqByg%3D%3D&trackingId=thK7Zq5nMTQ6bThrdfx3jw%3D%3D
Software Engineer,DataAnnotation,"New York, United States",https://www.linkedin.com/jobs/view/software-engineer-at-dataannotation-4309690775?position=3&pageNum=35&refId=8zjVmjhURfK1cnjCOoqByg%3D%3D&trackingId=vOT1ibfb6tQnAWwWYxikdQ%3D%3D
Software Engineer,Catena Clearing,"New York, NY",https://www.linkedin.com/jobs/view/software-engineer-at-catena-clearing-4321400768?position=4&pageNum=35&refId=8zjVmjhURfK1cnjCOoqByg%3D%3D&trackingId=X6eKc91vfxI16gTBNmesEQ%3D%3D
"Software Engineer, Product",Beam,"New York, NY",https://www.linkedin.com/jobs/view/software-engineer-product-at-beam-4299365873?position=5&pageNum=35&refId=8zjVmjhURfK1cnjCOoqByg%3D%3D&trackingId=QLcUXcROGzs%2FLe9Ydtg0NA%3D%3D
Software Engineer,Speakeasy,"New York, NY",https://www.linkedin.com/jobs/view/software-engineer-at-speakeasy-4329476930?position=6&pageNum=35&refId=8zjVmjhURfK1cnjCOoqByg%3D%3D&trackingId=GCwXYwIBbLgv3qvMwOLbrA%3D%3D
"Software Engineer, Agent",Sierra Business Solution,"New York, NY",https://www.linkedin.com/jobs/view/software-engineer-agent-at-sierra-business-solution-4250728076?position=7&pageNum=35&refId=8zjVmjhURfK1cnjCOoqByg%3D%3D&trackingId=%2BggfDH4uI7NqPkp3eHiOcQ%3D%3D
Web Developer,DataAnnotation,"New York, United States",https://www.linkedin.com/jobs/view/web-developer-at-dataannotation-4304450199?position=8&pageNum=35&refId=8zjVmjhURfK1cnjCOoqByg%3D%3D&trackingId=zoWOWFqVBjLzKeeqV7P9IA%3D%3D
Software Engineer,Arch,"New York, NY",https://www.linkedin.com/jobs/view/software-engineer-at-arch-4337949071?position=9&pageNum=35&refId=8zjVmjhURfK1cnjCOoqByg%3D%3D&trackingId=X%2Bp2XNjXh37MDrsFABUOCg%3D%3D
Software Engineer - Integrations,Mark43,"New York, NY",https://www.linkedin.com/jobs/view/software-engineer-integrations-at-mark43-4351777141?position=10&pageNum=35&refId=8zjVmjhURfK1cnjCOoqByg%3D%3D&trackingId=BQwsRhQDXA8KJZNqBAhq1Q%3D%3D
